{
  "project_info": {
    "project_number": "979016229982",
    "firebase_url": "https://socialchat-a571a.firebaseio.com",
    "project_id": "socialchat-a571a",
    "storage_bucket": "socialchat-a571a.appspot.com"
  },
  "client": [
    {
      "client_info": {
        "mobilesdk_app_id": "1:979016229982:android:7b7a7472a3fee536",
        "android_client_info": {
          "package_name": "com.wanloconrad.social_network"
        }
      },
      "oauth_client": [
        {
          "client_id": "979016229982-ie06cnhqdfkru4g0ugl7662l26q7rn5r.apps.googleusercontent.com",
          "client_type": 1,
          "android_info": {
            "package_name": "com.wanloconrad.social_network",
            "certificate_hash": "a74d7b37523b5927e5ffd478c43cd0efe212e3c2"
          }
        },
        {
          "client_id": "979016229982-arql1r5m9jk3lbgkjlio60j7ug92oh4h.apps.googleusercontent.com",
          "client_type": 1,
          "android_info": {
            "package_name": "com.wanloconrad.social_network",
            "certificate_hash": "a9947bf08c9dddcb022c1d52ebaec254b5b7ceaa"
          }
        },
        {
          "client_id": "979016229982-hl7n8a7d7sg3mvoloovq25nucg2n656r.apps.googleusercontent.com",
          "client_type": 3
        }
      ],
      "api_key": [
        {
          "current_key": "AIzaSyA4KGI31VNZ83jNIhl2PnnoAHcm166-EOU"
        }
      ],
      "services": {
        "analytics_service": {
          "status": 1
        },
        "appinvite_service": {
          "status": 2,
          "other_platform_oauth_client": [
            {
              "client_id": "979016229982-hl7n8a7d7sg3mvoloovq25nucg2n656r.apps.googleusercontent.com",
              "client_type": 3
            }
          ]
        },
        "ads_service": {
          "status": 2
        }
      }
    }
  ],
  "configuration_version": "1"
}